date,session_key,rpm,brake,speed,drs,throttle,n_gear,driver_number,meeting_key,x,y,z,driver,mds_x,mds_y
2024-04-07 05:39:08.930000+00:00,9496,11148,0,232,0,86,5,1,1232,4104.0,-5938.0,591.0,1,0.3966344666874298,-0.026026628423591283
2024-04-07 05:39:10.250000+00:00,9496,10834,0,213,0,68,5,1,1232,3424.0,-5458.0,607.0,1,0.17147173817440622,-0.023808843719364807
2024-04-07 05:39:10.850000+00:00,9496,10737,0,214,0,0,5,1,1232,3073.0,-5427.0,618.0,1,-0.45159788710840437,0.17854175712940348
2024-04-07 05:39:11.250000+00:00,9496,10127,100,204,0,0,5,1,1232,2861.0,-5386.0,628.0,1,-0.9081527126200584,0.5867497508210271
2024-04-07 05:39:11.971000+00:00,9496,9590,0,187,0,39,5,1,1232,2518.0,-5159.0,649.0,1,-0.2067259132861047,-0.13481933315803316
2024-04-07 05:39:12.571000+00:00,9496,9793,0,187,0,63,5,1,1232,2373.0,-4910.0,661.0,1,0.01145105296818563,-0.17099541037109636
2024-04-07 05:39:13.370000+00:00,9496,10443,0,201,0,97,5,1,1232,2253.0,-4502.0,679.0,1,0.36317549045930364,-0.18352655817164992
2024-04-07 05:39:13.810000+00:00,9496,10314,0,206,0,0,5,1,1232,2155.0,-4194.0,695.0,1,-0.4875326725576767,0.08632706522974219
2024-04-07 05:39:14.130000+00:00,9496,9989,0,201,0,0,5,1,1232,2026.0,-4004.0,706.0,1,-0.5128366617240047,0.025005527864408204
2024-04-07 05:39:14.890000+00:00,9496,9678,0,186,0,57,5,1,1232,1846.0,-3852.0,717.0,1,-0.048512044701127535,-0.16946245593426967
2024-04-07 05:39:15.690000+00:00,9496,10186,0,194,0,85,5,1,1232,1387.0,-3710.0,738.0,1,0.2317678189656653,-0.1819583908082663
2024-04-07 05:39:16.370000+00:00,9496,10612,100,205,0,92,5,1,1232,1076.0,-3691.0,751.0,1,-0.13851188893097108,0.8898109966568009
2024-04-07 05:39:16.930000+00:00,9496,9499,100,193,0,0,5,1,1232,662.0,-3591.0,759.0,1,-0.9733189595991466,0.5059036899982386
2024-04-07 05:39:17.290000+00:00,9496,9160,100,183,0,0,5,1,1232,580.0,-3546.0,759.0,1,-1.0203766360546012,0.4521242141687951
2024-04-07 05:39:17.970000+00:00,9496,8600,0,171,0,0,5,1,1232,333.0,-3342.0,757.0,1,-0.6484769870232486,-0.23987454468667202
2024-04-07 05:39:18.571000+00:00,9496,8290,0,163,0,11,5,1,1232,152.0,-3037.0,751.0,1,-0.5879783793938138,-0.314086604927865
2024-04-07 05:39:19.011000+00:00,9496,8521,0,162,0,48,5,1,1232,124.0,-2844.0,746.0,1,-0.25809264002918936,-0.366196189950506
2024-04-07 05:39:19.491000+00:00,9496,8690,0,165,0,67,5,1,1232,163.0,-2638.0,741.0,1,-0.08749206320544096,-0.387191418075789
2024-04-07 05:39:20.210000+00:00,9496,9507,0,181,0,100,5,1,1232,267.0,-2377.0,739.0,1,0.2856707156733844,-0.3498815839470608
2024-04-07 05:39:20.890000+00:00,9496,10248,0,197,0,65,5,1,1232,413.0,-2005.0,748.0,1,0.07791084811965932,-0.1056346794190782
2024-04-07 05:39:21.250000+00:00,9496,10407,0,199,0,75,5,1,1232,463.0,-1819.0,759.0,1,0.17733587243743804,-0.11931535652033104
2024-04-07 05:39:21.810000+00:00,9496,10589,0,202,0,80,5,1,1232,428.0,-1507.0,782.0,1,0.23892909621761416,-0.11550205768269134
2024-04-07 05:39:22.250000+00:00,9496,10713,0,207,0,84,5,1,1232,275.0,-1252.0,803.0,1,0.2906254733496865,-0.10643094607820174
2024-04-07 05:39:22.770000+00:00,9496,11081,0,212,0,92,5,1,1232,119.0,-1114.0,817.0,1,0.4031200646839173,-0.10802105063971648
2024-04-07 05:39:23.370000+00:00,9496,11598,0,221,0,100,5,1,1232,-250.0,-929.0,846.0,1,0.5476161910058667,-0.11078511986025921
2024-04-07 05:39:24.170000+00:00,9496,10890,0,237,0,100,6,1,1232,-702.0,-768.0,869.0,1,0.5254354629914861,0.2020040548819216
2024-04-07 05:39:24.610000+00:00,9496,11119,0,245,0,100,6,1,1232,-1098.0,-705.0,879.0,1,0.5637213197392303,0.22258785401923287
2024-04-07 05:39:25.171000+00:00,9496,11415,0,253,0,100,6,1,1232,-1473.0,-703.0,881.0,1,0.6136776657768888,0.24100823552453185
2024-04-07 05:39:25.651000+00:00,9496,11606,0,258,0,100,6,1,1232,-1779.0,-745.0,879.0,1,0.648879927306913,0.2515289603503724
2024-04-07 05:39:26.171000+00:00,9496,10546,0,265,0,100,7,1,1232,-2043.0,-835.0,876.0,1,0.6330043492758175,0.5483471595870397
2024-04-07 05:39:26.530000+00:00,9496,10675,0,268,0,100,7,1,1232,-2350.0,-983.0,871.0,1,0.6501197003084648,0.5504777582499742
2024-04-07 05:39:26.970000+00:00,9496,10868,0,271,0,100,7,1,1232,-2671.0,-1200.0,867.0,1,0.6732258032991119,0.5515336317194209
2024-04-07 05:39:27.370000+00:00,9496,10951,0,275,0,100,7,1,1232,-2833.0,-1360.0,864.0,1,0.6877137673491214,0.5610250910892763
2024-04-07 05:39:27.890000+00:00,9496,11081,0,279,0,100,7,1,1232,-3173.0,-1805.0,856.0,1,0.7063582483436032,0.5705537066354566
2024-04-07 05:39:28.490000+00:00,9496,11117,0,284,0,0,7,1,1232,-3382.0,-2080.0,852.0,1,-0.010669116348394347,0.9906759882545415
2024-04-07 05:39:29.170000+00:00,9496,10322,100,245,0,0,7,1,1232,-3711.0,-2480.0,846.0,1,-0.6166268948995792,1.1049966307701484
2024-04-07 05:39:29.730000+00:00,9496,9871,0,234,0,55,6,1,1232,-3974.0,-2699.0,840.0,1,0.08734447285082403,0.2714369541866083
2024-04-07 05:39:30.170000+00:00,9496,10042,0,220,0,83,6,1,1232,-4177.0,-2745.0,835.0,1,0.2912831133623906,0.18668552044292328
2024-04-07 05:39:31.170000+00:00,9496,8996,100,209,0,0,6,1,1232,-4996.0,-2870.0,815.0,1,-0.865771126964526,0.7542144831539903
2024-04-07 05:39:31.931000+00:00,9496,8578,100,150,0,0,4,1,1232,-5232.0,-2863.0,806.0,1,-1.2526587290146698,0.09971088716833663
2024-04-07 05:39:32.611000+00:00,9496,7759,0,131,0,0,4,1,1232,-5498.0,-2759.0,799.0,1,-0.7930939659277594,-0.6205325231964006
2024-04-07 05:39:33.130000+00:00,9496,7711,0,125,0,34,4,1,1232,-5599.0,-2614.0,803.0,1,-0.5256948824023733,-0.7097734421929075
2024-04-07 05:39:33.490000+00:00,9496,7959,0,128,0,49,4,1,1232,-5623.0,-2555.0,803.0,1,-0.38005046184492114,-0.7145776162136667
2024-04-07 05:39:34.170000+00:00,9496,8861,0,145,0,73,4,1,1232,-5684.0,-2202.0,802.0,1,-0.08612687501134604,-0.6471428754159905
2024-04-07 05:39:34.610000+00:00,9496,10150,0,166,0,100,4,1,1232,-5695.0,-2117.0,801.0,1,0.280495468780143,-0.5839751450388933
2024-04-07 05:39:35.050000+00:00,9496,11139,0,181,0,100,4,1,1232,-5751.0,-1856.0,801.0,1,0.41857174139751846,-0.5143613868061384
2024-04-07 05:39:35.490000+00:00,9496,12060,0,198,0,100,4,1,1232,-5791.0,-1673.0,801.0,1,0.5788425187239938,-0.47667288187021384
2024-04-07 05:39:35.810000+00:00,9496,10730,0,201,0,100,4,1,1232,-5850.0,-1399.0,802.0,1,0.41508418072344355,-0.45913095533047027
2024-04-07 05:39:36.170000+00:00,9496,11166,0,215,0,100,5,1,1232,-5882.0,-1249.0,803.0,1,0.4808516195641784,-0.12450066824118491
2024-04-07 05:39:36.770000+00:00,9496,11776,0,229,0,100,5,1,1232,-5944.0,-962.0,808.0,1,0.5896870601273031,-0.09230279098392417
2024-04-07 05:39:37.130000+00:00,9496,10678,0,238,0,100,6,1,1232,-5996.0,-722.0,814.0,1,0.5049504105959322,0.21038827280423034
2024-04-07 05:39:37.530000+00:00,9496,10977,0,243,0,100,6,1,1232,-6048.0,-462.0,825.0,1,0.5445102161705297,0.21933482614453997
2024-04-07 05:39:37.930000+00:00,9496,11184,0,248,0,100,6,1,1232,-6111.0,-125.0,842.0,1,0.5763827634171459,0.23080379217717692
2024-04-07 05:39:38.451000+00:00,9496,11026,0,250,0,0,6,1,1232,-6144.0,162.0,855.0,1,-0.2431400286363359,0.5880812554362553
2024-04-07 05:39:10.010000+00:00,9496,12173,0,236,0,100,5,11,1232,3955.0,-5761.0,594.0,11,0.6670134414686638,-0.08618485000203094
2024-04-07 05:39:10.610000+00:00,9496,11245,0,229,0,0,5,11,1232,3717.0,-5566.0,599.0,11,-0.3930930858517079,0.32439244988890775
2024-04-07 05:39:11.090000+00:00,9496,10863,0,218,0,12,5,11,1232,3392.0,-5453.0,608.0,11,-0.3292421498293036,0.18417081663272344
2024-04-07 05:39:11.570000+00:00,9496,10383,100,209,0,0,5,11,1232,3072.0,-5426.0,618.0,11,-0.8832775775884404,0.621930359901562
2024-04-07 05:39:12.371000+00:00,9496,9609,0,192,0,23,5,11,1232,2681.0,-5297.0,637.0,11,-0.33921992581702803,-0.08578481212815608
2024-04-07 05:39:13.010000+00:00,9496,9627,0,185,0,61,5,11,1232,2422.0,-5022.0,656.0,11,-0.021172681342778547,-0.18813360718089273
2024-04-07 05:39:13.610000+00:00,9496,9948,0,190,0,85,5,11,1232,2322.0,-4744.0,668.0,11,0.20567353565575278,-0.21444258311919695
2024-04-07 05:39:13.970000+00:00,9496,10287,0,198,0,100,5,11,1232,2283.0,-4609.0,674.0,11,0.37166393962972266,-0.21680337081425355
2024-04-07 05:39:14.490000+00:00,9496,10461,0,208,0,30,5,11,1232,2177.0,-4247.0,692.0,11,-0.20296552637205262,0.049407642108016396
2024-04-07 05:39:15.290000+00:00,9496,9725,0,192,0,12,5,11,1232,1958.0,-3937.0,710.0,11,-0.4301864920749909,-0.05705311784752741
2024-04-07 05:39:15.930000+00:00,9496,9493,0,184,0,54,5,11,1232,1684.0,-3770.0,725.0,11,-0.09101614449896654,-0.18730408088884043
2024-04-07 05:39:16.770000+00:00,9496,10046,0,190,0,78,5,11,1232,1263.0,-3702.0,744.0,11,0.15738899317467916,-0.1834701046349976
2024-04-07 05:39:17.090000+00:00,9496,9992,0,195,0,69,5,11,1232,965.0,-3680.0,754.0,11,0.08791696389956562,-0.14301102019431428
2024-04-07 05:39:17.490000+00:00,9496,9472,100,190,0,0,5,11,1232,859.0,-3661.0,757.0,11,-0.9814482719676354,0.4952341290398234
2024-04-07 05:39:18.210000+00:00,9496,8833,0,174,0,6,5,11,1232,497.0,-3490.0,759.0,11,-0.5708108757923771,-0.21360025718507578
2024-04-07 05:39:18.811000+00:00,9496,8251,0,165,0,0,5,11,1232,289.0,-3290.0,756.0,11,-0.6895084519135541,-0.29481033630733017
2024-04-07 05:39:19.251000+00:00,9496,8075,0,159,0,7,5,11,1232,169.0,-3084.0,753.0,11,-0.6543126448201328,-0.3373632046628971
2024-04-07 05:39:19.850000+00:00,9496,8451,0,160,0,57,5,11,1232,124.0,-2872.0,747.0,11,-0.19667029426591806,-0.4074772192364646
2024-04-07 05:39:20.610000+00:00,9496,9035,0,172,0,71,5,11,1232,201.0,-2539.0,740.0,11,-0.012385242102849223,-0.33016644842962817
2024-04-07 05:39:21.090000+00:00,9496,9555,0,183,0,100,5,11,1232,320.0,-2243.0,740.0,11,0.29282562964438785,-0.336918464266313
2024-04-07 05:39:21.530000+00:00,9496,10388,0,197,0,100,5,11,1232,379.0,-2095.0,744.0,11,0.3784364086883965,-0.2134600492979803
2024-04-07 05:39:22.090000+00:00,9496,10278,0,202,0,41,5,11,1232,463.0,-1823.0,759.0,11,-0.12274389959184182,-0.018268869167369705
2024-04-07 05:39:22.450000+00:00,9496,10191,0,199,0,50,5,11,1232,450.0,-1576.0,777.0,11,-0.052418091682277894,-0.06004737845748133
2024-04-07 05:39:23.130000+00:00,9496,10458,0,199,0,78,5,11,1232,200.0,-1177.0,810.0,11,0.20634356822782968,-0.12565133450433136
2024-04-07 05:39:23.690000+00:00,9496,10818,0,204,0,89,5,11,1232,-42.0,-1025.0,829.0,11,0.33682429231256283,-0.12837864536522592
2024-04-07 05:39:24.410000+00:00,9496,11443,0,220,0,100,5,11,1232,-281.0,-915.0,847.0,11,0.5245067119472869,-0.1107130376646476
2024-04-07 05:39:24.930000+00:00,9496,11641,0,230,0,100,5,11,1232,-604.0,-792.0,865.0,11,0.5720845651429088,-0.08536839411645386
2024-04-07 05:39:25.491000+00:00,9496,10926,0,241,0,100,6,11,1232,-1147.0,-701.0,880.0,11,0.5357672194609344,0.21397172034325546
2024-04-07 05:39:25.851000+00:00,9496,11172,0,246,0,100,6,11,1232,-1297.0,-698.0,882.0,11,0.5714683547053337,0.22465745112446037
2024-04-07 05:39:26.370000+00:00,9496,11450,0,255,0,100,6,11,1232,-1727.0,-733.0,879.0,11,0.6222003100321477,0.24625449975957353
2024-04-07 05:39:26.690000+00:00,9496,11631,0,259,0,100,6,11,1232,-1838.0,-762.0,878.0,11,0.6544319245323083,0.2538515887838356
2024-04-07 05:39:27.210000+00:00,9496,10547,0,265,0,100,7,11,1232,-2285.0,-948.0,872.0,11,0.6330961942401486,0.5482958100520935
2024-04-07 05:39:27.610000+00:00,9496,10655,0,269,0,100,7,11,1232,-2552.0,-1107.0,869.0,11,0.6500027675397129,0.5542600301716563
2024-04-07 05:39:28.090000+00:00,9496,10842,0,274,0,100,7,11,1232,-2727.0,-1249.0,866.0,11,0.6758614724194234,0.5615576446943951
2024-04-07 05:39:28.850000+00:00,9496,10967,0,276,0,100,7,11,1232,-3141.0,-1761.0,857.0,11,0.6908491127262905,0.5637167136698357
2024-04-07 05:39:29.370000+00:00,9496,10954,0,279,0,73,7,11,1232,-3396.0,-2099.0,852.0,11,0.46451820238534086,0.6508944292199594
2024-04-07 05:39:30.010000+00:00,9496,9752,100,257,0,0,7,11,1232,-3677.0,-2440.0,846.0,11,-0.6391046352132366,1.1174814450462898
2024-04-07 05:39:30.930000+00:00,9496,9894,0,229,0,51,6,11,1232,-4155.0,-2742.0,836.0,11,0.0487847804765025,0.26211793488858626
2024-04-07 05:39:31.571000+00:00,9496,10138,0,225,0,94,6,11,1232,-4545.0,-2808.0,826.0,11,0.3887885495411377,0.1922113413522096
2024-04-07 05:39:32.211000+00:00,9496,9863,100,199,0,0,6,11,1232,-4957.0,-2867.0,816.0,11,-0.8096183324553032,0.7693263803621135
2024-04-07 05:39:32.811000+00:00,9496,9073,100,154,0,0,4,11,1232,-5253.0,-2861.0,805.0,11,-1.2131982725268233,0.1592244508328631
2024-04-07 05:39:33.330000+00:00,9496,8059,100,139,0,5,4,11,1232,-5402.0,-2823.0,800.0,11,-1.2915698760615237,-0.0011806499055101057
2024-04-07 05:39:33.850000+00:00,9496,7819,0,130,0,9,4,11,1232,-5540.0,-2712.0,801.0,11,-0.715652999901423,-0.6307298895265916
2024-04-07 05:39:34.370000+00:00,9496,7950,0,127,0,43,4,11,1232,-5617.0,-2573.0,803.0,11,-0.4304224029731864,-0.7017710298909795
2024-04-07 05:39:34.810000+00:00,9496,8453,0,134,0,61,4,11,1232,-5660.0,-2411.0,803.0,11,-0.23401857083941718,-0.6816751201008735
2024-04-07 05:39:35.290000+00:00,9496,9505,0,149,0,84,4,11,1232,-5683.0,-2215.0,802.0,11,0.06684074123949652,-0.6239524437114422
2024-04-07 05:39:35.650000+00:00,9496,10431,0,160,0,100,4,11,1232,-5706.0,-2062.0,801.0,11,0.3008696883778423,-0.5963197701516441
2024-04-07 05:39:35.970000+00:00,9496,10924,0,177,0,100,4,11,1232,-5735.0,-1930.0,801.0,11,0.3846565922192192,-0.5277326308692527
2024-04-07 05:39:36.570000+00:00,9496,11074,0,199,0,100,4,11,1232,-5818.0,-1550.0,801.0,11,0.4501127595639057,-0.4587648468213236
2024-04-07 05:39:36.970000+00:00,9496,10908,0,204,0,100,5,11,1232,-5858.0,-1364.0,802.0,11,0.4358897511953789,-0.16595647658601223
2024-04-07 05:39:37.330000+00:00,9496,11409,0,219,0,100,5,11,1232,-5900.0,-1167.0,803.0,11,0.5181822410023313,-0.11338538598180982
2024-04-07 05:39:37.690000+00:00,9496,11672,0,229,0,100,5,11,1232,-5971.0,-836.0,810.0,11,0.5743180907338427,-0.0891887100060947
2024-04-07 05:39:38.251000+00:00,9496,10661,0,238,0,100,6,11,1232,-6014.0,-632.0,817.0,11,0.5031961575645701,0.21088091543712825
2024-04-07 05:39:38.611000+00:00,9496,10934,0,241,0,100,6,11,1232,-6082.0,-292.0,833.0,11,0.5366236280242579,0.2137919655633498
2024-04-07 05:39:39.131000+00:00,9496,10993,0,247,0,100,6,11,1232,-6129.0,-8.0,847.0,11,0.5529637489700068,0.2323387783843665
2024-04-07 05:39:39.731000+00:00,9496,10181,100,237,0,0,6,11,1232,-6106.0,493.0,872.0,11,-0.7140273718658958,0.8773759026724034
2024-04-07 05:39:17.970000+00:00,9496,11270,0,224,0,100,5,22,1232,4227.0,-6114.0,587.0,22,0.5098893207857601,-0.09566111498834096
2024-04-07 05:39:18.571000+00:00,9496,11104,0,220,0,32,5,22,1232,3931.0,-5736.0,595.0,22,-0.13670585430497004,0.1613559726826245
2024-04-07 05:39:19.011000+00:00,9496,10457,0,214,0,19,5,22,1232,3729.0,-5574.0,598.0,22,-0.29351459786309714,0.09931038386963487
2024-04-07 05:39:19.491000+00:00,9496,10206,0,202,0,21,5,22,1232,3490.0,-5473.0,605.0,22,-0.3064194063028135,0.020034799162534856
2024-04-07 05:39:20.210000+00:00,9496,9761,0,194,0,2,5,22,1232,3138.0,-5431.0,616.0,22,-0.5164720337705196,-0.031756997861609945
2024-04-07 05:39:20.890000+00:00,9496,9276,0,184,0,3,5,22,1232,2782.0,-5354.0,631.0,22,-0.5517705688975616,-0.12915858360368085
2024-04-07 05:39:21.250000+00:00,9496,9177,0,179,0,6,5,22,1232,2627.0,-5258.0,640.0,22,-0.5378076665173691,-0.15991685075552267
2024-04-07 05:39:21.810000+00:00,9496,8922,0,171,0,56,5,22,1232,2439.0,-5051.0,655.0,22,-0.1434957188269709,-0.30342993327378726
2024-04-07 05:39:22.250000+00:00,9496,9053,0,174,0,69,5,22,1232,2344.0,-4818.0,665.0,22,-0.02352579558353998,-0.31407146995565843
2024-04-07 05:39:22.770000+00:00,9496,9550,0,183,0,82,5,22,1232,2295.0,-4646.0,672.0,22,0.13771743586785326,-0.267353094336405
2024-04-07 05:39:23.370000+00:00,9496,9666,0,190,0,48,5,22,1232,2182.0,-4260.0,691.0,22,-0.11941517325967672,-0.13506355428027997
2024-04-07 05:39:24.170000+00:00,9496,9186,0,181,0,30,5,22,1232,1964.0,-3943.0,711.0,22,-0.32318456689787417,-0.18244175136775198
2024-04-07 05:39:24.610000+00:00,9496,9122,0,176,0,31,5,22,1232,1714.0,-3782.0,723.0,22,-0.3267315316672057,-0.2090299662762361
2024-04-07 05:39:25.171000+00:00,9496,9057,0,175,0,65,5,22,1232,1460.0,-3717.0,735.0,22,-0.05348198004456897,-0.29771028988028686
2024-04-07 05:39:25.651000+00:00,9496,9335,0,178,0,72,5,22,1232,1239.0,-3701.0,745.0,22,0.03165847458288578,-0.27596672625167
2024-04-07 05:39:26.171000+00:00,9496,9127,0,183,0,0,5,22,1232,1047.0,-3689.0,752.0,22,-0.5917711764783384,-0.14613140439324954
2024-04-07 05:39:26.530000+00:00,9496,8574,100,179,0,0,5,22,1232,820.0,-3651.0,757.0,22,-1.0805591971137138,0.39965743048338614
2024-04-07 05:39:26.970000+00:00,9496,10128,0,169,0,0,5,22,1232,591.0,-3552.0,759.0,22,-0.5655861031153415,-0.07730272114742032
2024-04-07 05:39:27.370000+00:00,9496,9850,0,166,0,0,4,22,1232,476.0,-3473.0,759.0,22,-0.6425493753855938,-0.3837999109691838
2024-04-07 05:39:27.890000+00:00,9496,9421,0,159,0,0,4,22,1232,254.0,-3241.0,755.0,22,-0.6642513345368097,-0.41846058461449304
2024-04-07 05:39:28.490000+00:00,9496,9214,0,153,0,37,4,22,1232,166.0,-3075.0,752.0,22,-0.35034250047645515,-0.4957139266046094
2024-04-07 05:39:29.170000+00:00,9496,9361,0,155,0,60,4,22,1232,128.0,-2786.0,745.0,22,-0.1328493638777585,-0.5422035039733324
2024-04-07 05:39:29.730000+00:00,9496,9984,0,162,0,69,4,22,1232,198.0,-2548.0,740.0,22,0.012671055018313167,-0.5189425907606157
2024-04-07 05:39:30.170000+00:00,9496,10597,0,172,0,79,4,22,1232,254.0,-2410.0,739.0,22,0.1726868363992722,-0.50228978100634
2024-04-07 05:39:31.170000+00:00,9496,9991,0,192,0,69,5,22,1232,469.0,-1707.0,767.0,22,0.08337642567963092,-0.1539204631483363
2024-04-07 05:39:31.931000+00:00,9496,9825,0,187,0,59,5,22,1232,407.0,-1456.0,786.0,22,-0.018982466212397717,-0.15756332593475444
2024-04-07 05:39:32.611000+00:00,9496,10001,0,191,0,76,5,22,1232,152.0,-1138.0,814.0,22,0.13905454482698773,-0.17689387208961418
2024-04-07 05:39:33.130000+00:00,9496,10671,0,197,0,89,5,22,1232,-87.0,-1004.0,833.0,22,0.31188482082821106,-0.15842754994210576
2024-04-07 05:39:33.490000+00:00,9496,10669,0,202,0,89,5,22,1232,-179.0,-962.0,840.0,22,0.3191088565103252,-0.1404424434653987
2024-04-07 05:39:34.170000+00:00,9496,11275,0,218,0,100,5,22,1232,-694.0,-770.0,869.0,22,0.4991813330572267,-0.11506574092410177
2024-04-07 05:39:34.610000+00:00,9496,11782,0,227,0,100,5,22,1232,-817.0,-745.0,873.0,22,0.5863703827888361,-0.09838069981319303
2024-04-07 05:39:35.050000+00:00,9496,11648,0,235,0,100,5,22,1232,-1167.0,-701.0,881.0,22,0.5853966621329943,-0.07169483423733354
2024-04-07 05:39:35.490000+00:00,9496,11131,0,243,0,100,6,22,1232,-1408.0,-700.0,882.0,22,0.5616994075642726,0.21582290397598056
2024-04-07 05:39:35.810000+00:00,9496,11245,0,249,0,100,6,22,1232,-1746.0,-737.0,879.0,22,0.5852811834720146,0.23262182720455563
2024-04-07 05:39:36.170000+00:00,9496,11412,0,254,0,100,6,22,1232,-1923.0,-790.0,877.0,22,0.6153309851584253,0.24414769426761782
2024-04-07 05:39:36.770000+00:00,9496,11175,0,262,0,100,6,22,1232,-2241.0,-925.0,873.0,22,0.6039825456491288,0.2769972651625144
2024-04-07 05:39:37.130000+00:00,9496,10560,0,264,0,100,7,22,1232,-2482.0,-1061.0,869.0,22,0.6324426101116007,0.5450195912493623
2024-04-07 05:39:37.530000+00:00,9496,10773,0,269,0,100,7,22,1232,-2715.0,-1239.0,866.0,22,0.6609926070409062,0.5491818055293104
2024-04-07 05:39:37.930000+00:00,9496,10906,0,273,0,100,7,22,1232,-2970.0,-1532.0,861.0,22,0.6801983249268452,0.5562094300901553
2024-04-07 05:39:38.451000+00:00,9496,10731,0,278,0,69,7,22,1232,-3168.0,-1798.0,856.0,22,0.41961005482647296,0.6553219353932607
2024-04-07 05:39:38.931000+00:00,9496,10936,100,255,0,0,7,22,1232,-3465.0,-2186.0,850.0,22,-0.5817240258418925,1.1529110337174049
2024-04-07 05:39:39.451000+00:00,9496,10861,100,223,0,0,5,22,1232,-3661.0,-2421.0,847.0,22,-0.8176169473553925,0.7160505634170996
2024-04-07 05:39:39.970000+00:00,9496,10489,0,209,0,0,5,22,1232,-3793.0,-2573.0,844.0,22,-0.4734043707679547,0.12223705949678125
2024-04-07 05:39:40.370000+00:00,9496,10299,0,203,0,25,5,22,1232,-4174.0,-2744.0,835.0,22,-0.2637764846026706,0.02547607380763845
2024-04-07 05:39:41.170000+00:00,9496,10612,0,205,0,81,5,22,1232,-4452.0,-2793.0,829.0,22,0.2538383659320329,-0.10772506547708444
2024-04-07 05:39:41.570000+00:00,9496,10037,100,206,0,0,5,22,1232,-4848.0,-2855.0,819.0,22,-0.9109054521788018,0.5841262946971443
2024-04-07 05:39:42.130000+00:00,9496,9744,100,167,0,0,4,22,1232,-4995.0,-2869.0,815.0,22,-1.155799986601959,0.2532702738055937
2024-04-07 05:39:42.810000+00:00,9496,7990,100,138,0,0,4,22,1232,-5319.0,-2849.0,803.0,22,-1.3202234819427783,-0.0020262468714847414
2024-04-07 05:39:43.290000+00:00,9496,7674,0,129,0,0,4,22,1232,-5455.0,-2794.0,800.0,22,-0.8019823700591912,-0.6345950472342583
2024-04-07 05:39:43.970000+00:00,9496,7547,0,123,0,47,4,22,1232,-5580.0,-2649.0,802.0,22,-0.4388678558066769,-0.7707980013052385
2024-04-07 05:39:44.490000+00:00,9496,8210,0,130,0,69,4,22,1232,-5666.0,-2362.0,803.0,22,-0.19749554098722757,-0.7465739600044892
2024-04-07 05:39:44.971000+00:00,9496,9323,0,145,0,80,4,22,1232,-5673.0,-2300.0,802.0,22,0.012060049032820272,-0.6366956667784041
2024-04-07 05:39:45.651000+00:00,9496,10711,0,168,0,100,4,22,1232,-5722.0,-1983.0,801.0,22,0.3443611449274305,-0.561017915337539
2024-04-07 05:39:46.091000+00:00,9496,11606,0,187,0,100,4,22,1232,-5797.0,-1644.0,801.0,22,0.49303817795559035,-0.4992308005503402
2024-04-07 05:39:47.050000+00:00,9496,11214,0,214,0,100,5,22,1232,-5887.0,-1229.0,803.0,22,0.48495369124515636,-0.12794281630507362
